{
  "single_split": {
    "linear_regression": {
      "mae": 262946.81547076907,
      "rmse": 416005.6489329949,
      "r2": 0.5253529469391498,
      "mape": 31.152470272947046,
      "median_ape": 23.012218837751178
    },
    "random_forest": {
      "mae": 131439.55189669537,
      "rmse": 213770.00271634778,
      "r2": 0.8746668778461609,
      "mape": 16.2354946473054,
      "median_ape": 10.78818734700487
    }
  },
  "cross_validation": {
    "linear_regression": {
      "r2_scores": [
        0.5270253194419673,
        0.5248992473498869,
        0.5172965973801618,
        0.5157770269529283,
        0.5226020586987293
      ],
      "mae_scores": [
        263075.9985825256,
        262169.42959154374,
        264065.03084736236,
        263107.6072254443,
        264877.0369759309
      ],
      "rmse_scores": [
        415927.4596798339,
        419125.1494576364,
        423902.6064668738,
        422292.51041928993,
        422252.33089696284
      ],
      "mape_scores": [
        31.01970824003706,
        30.931207940347015,
        31.256211592755793,
        31.259338845929474,
        31.142034219059884
      ],
      "r2_mean": 0.5215200499647347,
      "r2_std": 0.004329378129327192,
      "mae_mean": 263459.0206445614,
      "mae_std": 928.5753665798431,
      "rmse_mean": 420700.0113841194,
      "rmse_std": 2844.6372059937707,
      "mape_mean": 31.121700167625846,
      "mape_std": 0.1297234326174784
    },
    "random_forest": {
      "r2_scores": [
        0.8745773443174303,
        0.8689938545377479,
        0.8662626487748282,
        0.8616698405631994,
        0.8696488379359709
      ],
      "mae_scores": [
        131993.00058198805,
        134617.94794285015,
        134746.1121435935,
        135254.1839320115,
        132961.4744170132
      ],
      "rmse_scores": [
        214183.81182208413,
        220088.16854960326,
        223127.0715479079,
        225709.1279681069,
        220642.53487366968
      ],
      "mape_scores": [
        16.218422330849567,
        16.574990506929804,
        16.524647924575067,
        16.62900815445251,
        16.1137250840349
      ],
      "r2_mean": 0.8682305052258353,
      "r2_std": 0.0042377238260784805,
      "mae_mean": 133914.54380349128,
      "mae_std": 1231.3885308070694,
      "rmse_mean": 220750.1429522744,
      "rmse_std": 3842.0779808762413,
      "mape_mean": 16.412158800168367,
      "mape_std": 0.2062949891584493
    }
  }
}